,text
0,Hepinizi ust uste koyup ÅŸampiyon BeÅŸiktaÅŸ yazdÄ±racagiz #besiktas
1,SAPIK ALÄ°HAN YouTube hesabÄ±nÄ± ÅŸikayet edin lÃ¼tfen #paribu #sapÄ±kalihantutuklansÄ±n #besiktas
2,RT @muhammedalisma: BogazÄ±nda delik var tÃ¼kÃ¼rÃ¼gÃ¼ burnundan geliyor suyun mamanÄ±n sÃ¼tÃ¼n tadÄ±nÄ± bilmiyor ama umutla bakÄ±yor bizim bir umudumuâ€¦
3,RT @muhammedalisma: BogazÄ±nda delik var tÃ¼kÃ¼rÃ¼gÃ¼ burnundan geliyor suyun mamanÄ±n sÃ¼tÃ¼n tadÄ±nÄ± bilmiyor ama umutla bakÄ±yor bizim bir umudumuâ€¦
4,Dogecoinin yÃ¼kseliÅŸde olduÄŸu bu gÃ¼nlerde bu kazÄ±m uygulamasÄ± kacmaz ilk giriÅŸde 30 dolar deÄŸerinde dogecoin veriyorâ€¦ https://t.co/J0NBbK43FX
5,#Galatasaray ben ÅŸampiyon olmak istemiyorum dedikÃ§e #beÅŸiktaÅŸ sen olmazsan ben hiÃ§ olmam diyip habire zorluyor bakaâ€¦ https://t.co/oQ8JL7UBNT
6,"RT @glperi58215718: #fenerinmacivar #besiktas #VurGeÃ§FenerbahÃ§em

Burda BÄ°R Halil Ä°brahim sofrasÄ± kurulmuÅŸ ve herkes buyursun gelsin hayatÄ±â€¦"
7,@NoirBlancAsk Saatim durunca deÄŸil kalbim durunca #BeÅŸiktaÅŸlÄ±lÄ±ÄŸÄ±m biter #BeÅŸiktaÅŸÄ±Ã¼zmesinler #BeÅŸiktaÅŸ iÃ§in birÅŸeyâ€¦ https://t.co/Gn9WsXtAwq
8,"CanlÄ±ğŸ‘danaya girer gibi girebilirsiniz
#CanlÄ± #inplay #livebet #iddaa #bahis #canlibahis #NBA #freebet #bonusâ€¦ https://t.co/kn7Oadfe0O"
9,RT @SebaKutuphane: SÃ¼leyman Seba 95 yaÅŸÄ±nda! Onursal BaÅŸkanÄ±mÄ±z SÃ¼leyman Seba'nÄ±n 92. YaÅŸ gÃ¼nÃ¼ne armaÄŸan olarak yapÄ±lan SÃ¼leyman Seba KÃ¼tÃ¼pâ€¦
